{"cameraMode":{"drawMode":0,"name":"Shaded","section":"Shading Mode"},"sceneLighting":true,"audioPlay":false,"sceneViewState":{"m_AlwaysRefresh":false,"showFog":true,"showSkybox":true,"showFlares":true,"showImageEffects":true,"showParticleSystems":true,"showVisualEffectGraphs":true,"m_FxEnabled":true},"in2DMode":false,"pivot":{"x":7.318754196166992,"y":0.44072532653808596,"z":-4.368502616882324},"rotation":{"x":0.11491547524929047,"y":0.8492453694343567,"z":-0.20675429701805116,"w":0.4720268249511719},"size":12.12435531616211,"orthographic":false}