{"cameraMode":{"drawMode":0,"name":"Shaded","section":"Shading Mode"},"sceneLighting":true,"audioPlay":false,"sceneViewState":{"m_AlwaysRefresh":false,"showFog":true,"showSkybox":true,"showFlares":true,"showImageEffects":true,"showParticleSystems":true,"showVisualEffectGraphs":true,"m_FxEnabled":true},"in2DMode":false,"pivot":{"x":0.9641234278678894,"y":0.6216084957122803,"z":-0.5281705856323242},"rotation":{"x":0.09049884229898453,"y":0.880111813545227,"z":-0.18649524450302125,"w":0.42709797620773318},"size":10.449999809265137,"orthographic":false}